{
  "last_node_id": 61,
  "last_link_id": 47,
  "nodes": [
    {
      "id": 2,
      "type": "PreviewImage",
      "pos": [
        -177.30934143066406,
        -84.98253631591797
      ],
      "size": [
        768.4443969726562,
        627.5555419921875
      ],
      "flags": {},
      "order": 2,
      "mode": 0,
      "inputs": [
        {
          "name": "images",
          "type": "IMAGE",
          "link": 1
        }
      ],
      "outputs": [],
      "properties": {
        "Node name for S&R": "PreviewImage"
      },
      "widgets_values": []
    },
    {
      "id": 1,
      "type": "SpriteSheetMaker",
      "pos": [
        -719.749755859375,
        -2.6478116512298584
      ],
      "size": [
        315,
        106
      ],
      "flags": {},
      "order": 0,
      "mode": 0,
      "inputs": [],
      "outputs": [
        {
          "name": "sprite_image",
          "type": "IMAGE",
          "links": [
            1
          ],
          "slot_index": 0
        }
      ],
      "properties": {
        "Node name for S&R": "SpriteSheetMaker"
      },
      "widgets_values": [
        "Knight",
        3,
        3
      ]
    },
    {
      "id": 61,
      "type": "Note",
      "pos": [
        -798.7496948242188,
        -182.38864135742188
      ],
      "size": [
        513.3806762695312,
        120.71231079101562
      ],
      "flags": {},
      "order": 1,
      "mode": 0,
      "inputs": [],
      "outputs": [],
      "properties": {},
      "widgets_values": [
        "Put your images in a folder inside the input folder. The input folder can be found at ComfyUI\\input. Then restart ComfyUi and select the folder from the images directory slot. "
      ],
      "color": "#2a363b",
      "bgcolor": "#3f5159"
    }
  ],
  "links": [
    [
      1,
      1,
      0,
      2,
      0,
      "IMAGE"
    ]
  ],
  "groups": [],
  "config": {},
  "extra": {
    "ds": {
      "scale": 0.4500000000000009,
      "offset": [
        1679.132076208749,
        246.83880275662239
      ]
    },
    "node_versions": {
      "comfy-core": "0.3.18",
      "ComfyUI-SpriteSheetMaker": "unknown"
    },
    "ue_links": [],
    "VHS_latentpreview": false,
    "VHS_latentpreviewrate": 0
  },
  "version": 0.4,
  "api_prompt": {
    "1": {
      "inputs": {
        "images_directory": "Knight",
        "row_count": 3,
        "column_count": 3
      },
      "class_type": "SpriteSheetMaker",
      "_meta": {
        "title": "SpriteSheetMaker"
      }
    },
    "2": {
      "inputs": {
        "images": [
          "1",
          0
        ]
      },
      "class_type": "PreviewImage",
      "_meta": {
        "title": "Preview Image"
      }
    }
  }
}